Category,Total_Orders,Total_Sales,Total_Profit,Avg_Discount,Avg_Profit,Profit_Margin_%,Avg_Discount_%
Furniture,2121,741999.7953,18451.2728,0.1739226779820839,8.699327109853842,2.49,17.39
Office Supplies,6026,719047.032,122490.8008,0.15728509790906076,20.3270495851311,17.04,15.73
Technology,1847,836154.033,145454.9481,0.1323226854358419,78.75200221981592,17.4,13.23
