Discount_Band,Total_Orders,Total_Sales,Total_Profit,Avg_Profit,Avg_Sales,Profit_Margin_%
0% — No Discount,4798,1087908.47,320987.6032,66.90029245518967,226.74207378074198,29.51
1–10% — Very Low,94,54369.351,9029.177,96.05507446808511,578.3973510638298,16.61
11–20% — Low,3709,792152.8895,91756.2975,24.738823806956052,213.57586667565383,11.58
21–30% — Medium,227,103226.655,-10369.277399999999,-45.67963612334801,454.7429735682819,-10.05
31–40% — High,233,130911.2428,-25448.1881,-109.219691416309,561.8508274678112,-19.44
41%+ — Very High,933,128632.25200000001,-99558.5905,-106.70802840300108,137.8695091103966,-77.4
