Region,Total_Sales,Total_Profit,Avg_Discount,Avg_Profit,Profit_Margin_%,Avg_Discount_%
Central,501239.8908,39706.3625,0.24035299182092124,17.092708781747742,7.92,24.04
South,391721.905,46749.4303,0.1472530864197531,28.85767302469136,11.93,14.73
East,678781.24,91522.78,0.14536516853932585,32.13580758426966,13.48,14.54
West,725457.8245,108418.4489,0.10933499843896347,33.84903181392445,14.94,10.93
