Region,Total_Sales,Total_Profit,Total_Orders,Total_Customers,Total_Quantity,Avg_Discount,Profit_Margin_%,Sales_Share_%,Avg_Discount_%
West,725457.8245,108418.4489,1611,686,12266,0.10933499843896347,14.94,31.58,10.93
East,678781.24,91522.78,1401,674,10618,0.14536516853932585,13.48,29.55,14.54
Central,501239.8908,39706.3625,1175,629,8780,0.24035299182092124,7.92,21.82,24.04
South,391721.905,46749.4303,822,512,6209,0.1472530864197531,11.93,17.05,14.73
