Segment,Total_Sales,Total_Profit,Avg_Discount,Avg_Profit,Profit_Margin_%,Avg_Discount_%
Corporate,706146.3668,91979.134,0.15822847682119207,30.45666688741722,13.03,15.82
Consumer,1161401.345,134119.2092,0.15814101329223657,25.8368732806781,11.55,15.81
Home Office,429653.1485,60298.6785,0.14712843522153674,33.81866432978127,14.03,14.71
