Segment,Total_Sales,Total_Profit,Total_Orders,Total_Customers,Total_Quantity,Avg_Discount,Profit_Margin_%,Sales_Share_%,Avg_Order_Value,Avg_Discount_%
Consumer,1161401.345,134119.2092,2586,409,19521,0.15814101329223657,11.55,50.56,449.11,15.81
Corporate,706146.3668,91979.134,1514,236,11608,0.15822847682119207,13.03,30.74,466.41,15.82
Home Office,429653.1485,60298.6785,909,148,6744,0.14712843522153674,14.03,18.7,472.67,14.71
